unix,date,symbol,open,high,low,close,VolumeBTC,VolumeUSDT,tradecount
1618704000000,2021-04-18 00:00:00,BTC/USDT,60090.14,60450.00,50050.00,56140.05,522006.276,29025717493.56943,6123918
1618617600000,2021-04-17 00:00:00,BTC/USDT,61424.67,62610.00,59620.00,60090.14,194112.299,11862499746.34749,2207548
1618531200000,2021-04-16 00:00:00,BTC/USDT,63232.56,63600.00,60100.00,61424.67,255765.893,15740427372.09463,2804338
1618444800000,2021-04-15 00:00:00,BTC/USDT,63018.34,63905.83,62157.89,63232.55,178604.198,11249310339.67892,2024715
1618358400000,2021-04-14 00:00:00,BTC/USDT,63645.05,64986.11,61404.00,63019.10,323454.880,20512671253.01205,3346550
1618272000000,2021-04-13 00:00:00,BTC/USDT,59911.19,63850.00,59873.01,63649.71,279389.492,17408986053.32569,2892252
1618185600000,2021-04-12 00:00:00,BTC/USDT,60093.26,61449.91,59500.00,59911.18,196147.561,11824507197.55324,2141177
1618099200000,2021-04-11 00:00:00,BTC/USDT,59832.43,60816.88,59304.02,60090.20,148499.824,8896497492.08689,1746745
1618012800000,2021-04-10 00:00:00,BTC/USDT,58176.04,61800.00,57943.95,59832.43,240907.592,14476191585.21529,2568013
1617926400000,2021-04-09 00:00:00,BTC/USDT,58122.93,58950.00,57700.00,58176.03,141690.144,8260112160.68546,1631493
1617840000000,2021-04-08 00:00:00,BTC/USDT,56018.17,58200.00,55759.13,58122.26,161389.858,9238696877.00206,1886407
1617753600000,2021-04-07 00:00:00,BTC/USDT,58060.00,58720.00,55536.07,56018.18,265271.707,15106714000.51917,2888669
1617667200000,2021-04-06 00:00:00,BTC/USDT,59243.40,59626.18,57500.00,58059.99,165562.029,9681501016.80336,1949118
1617580800000,2021-04-05 00:00:00,BTC/USDT,58234.61,59385.00,56808.94,59243.39,174338.646,10144751892.15272,2011408
1617494400000,2021-04-04 00:00:00,BTC/USDT,57134.65,58553.00,56517.23,58234.61,152454.122,8785593781.44870,1778714
1617408000000,2021-04-03 00:00:00,BTC/USDT,59028.99,59925.00,56900.00,57134.65,198636.171,11672141257.52950,2247303
1617321600000,2021-04-02 00:00:00,BTC/USDT,58797.56,60397.85,58490.03,59031.36,189391.958,11251166314.77901,2130064
1617235200000,2021-04-01 00:00:00,BTC/USDT,58810.99,59592.22,58002.00,58794.01,196332.114,11561694922.60452,2133428
1617148800000,2021-03-31 00:00:00,BTC/USDT,58794.17,59920.00,56812.00,58807.24,337038.349,19776038991.85102,3429371
1617062400000,2021-03-30 00:00:00,BTC/USDT,57676.14,59560.00,57110.00,58794.16,232824.065,13629362092.38509,2568718
1616976000000,2021-03-29 00:00:00,BTC/USDT,55804.16,58490.11,54931.15,57677.64,277215.268,15858571872.53349,3043409
1616889600000,2021-03-28 00:00:00,BTC/USDT,55828.00,56588.31,54694.91,55805.08,200603.768,11188756872.79973,2260517
1616803200000,2021-03-27 00:00:00,BTC/USDT,55030.00,56658.76,54001.00,55828.00,234435.346,12939134315.65276,2589316
1616716800000,2021-03-26 00:00:00,BTC/USDT,51325.21,55123.00,51260.00,55030.00,271957.842,14483003307.72439,2948225
1616630400000,2021-03-25 00:00:00,BTC/USDT,52307.89,53255.20,50452.08,51325.21,416848.091,21627711387.30238,4302154
1616544000000,2021-03-24 00:00:00,BTC/USDT,54400.00,57234.79,51666.00,52311.54,394172.526,21637316948.63563,4140709
1616457600000,2021-03-23 00:00:00,BTC/USDT,54129.56,55890.68,52981.40,54400.00,276199.041,15088688822.77058,3202573
1616371200000,2021-03-22 00:00:00,BTC/USDT,57415.19,58500.00,53635.81,54129.56,293062.947,16556509289.78695,3557593
1616284800000,2021-03-21 00:00:00,BTC/USDT,58144.44,58638.70,55403.55,57415.18,237518.696,13576194106.98524,2940088
1616198400000,2021-03-20 00:00:00,BTC/USDT,58089.11,59948.00,57881.00,58145.61,203680.149,12000524068.54844,2543381
1616112000000,2021-03-19 00:00:00,BTC/USDT,57700.01,59550.00,56301.27,58089.11,259039.479,15107378224.02806,3136922
1616025600000,2021-03-18 00:00:00,BTC/USDT,58959.01,60510.00,57072.00,57700.01,305100.026,17876750420.56641,3505186
1615939200000,2021-03-17 00:00:00,BTC/USDT,56953.23,59078.79,54154.93,58959.00,339397.712,19076274044.57065,3916228
1615852800000,2021-03-16 00:00:00,BTC/USDT,55646.61,56988.00,53335.00,56954.19,339718.202,18756792660.06864,4041818
1615766400000,2021-03-15 00:00:00,BTC/USDT,59037.11,60740.00,54517.28,55646.61,448820.830,25683051451.71488,4839296
1615680000000,2021-03-14 00:00:00,BTC/USDT,61267.41,61798.00,59005.00,59037.12,231991.901,14012489135.14827,2783273
1615593600000,2021-03-13 00:00:00,BTC/USDT,57291.04,61950.00,56136.00,61267.41,320322.173,18993462517.01946,3901445
1615507200000,2021-03-12 00:00:00,BTC/USDT,57842.64,58186.33,55074.30,57291.03,335495.042,19043301948.53840,4054963
1615420800000,2021-03-11 00:00:00,BTC/USDT,55949.30,58283.00,54356.44,57844.52,364681.318,20569039537.45370,4355363
1615334400000,2021-03-10 00:00:00,BTC/USDT,54917.78,57500.92,53061.00,55947.98,401159.493,22279865576.81882,4457083
1615248000000,2021-03-09 00:00:00,BTC/USDT,52429.43,54950.00,51880.00,54917.78,285604.798,15409273884.44570,3312320
1615161600000,2021-03-08 00:00:00,BTC/USDT,50991.35,52450.00,49310.00,52429.43,308339.866,15655716338.59208,3279581
1615075200000,2021-03-07 00:00:00,BTC/USDT,48908.21,51480.00,48908.21,50995.27,248398.116,12500440245.10043,2883079
1614988800000,2021-03-06 00:00:00,BTC/USDT,48772.68,49253.63,47090.00,48908.21,215092.910,10381734354.30114,2557063
1614902400000,2021-03-05 00:00:00,BTC/USDT,48385.77,49470.00,46320.00,48770.57,354602.756,16912469978.52838,3864290
1614816000000,2021-03-04 00:00:00,BTC/USDT,50373.75,51800.00,47500.00,48385.77,387428.957,19138827120.97486,4199301
1614729600000,2021-03-03 00:00:00,BTC/USDT,48454.21,52681.51,48110.66,50373.75,350311.234,17795826816.36179,3781970
1614643200000,2021-03-02 00:00:00,BTC/USDT,49594.99,50221.77,47058.06,48450.57,273100.435,13251422043.06818,2970983
1614556800000,2021-03-01 00:00:00,BTC/USDT,45162.64,49800.00,44972.49,49592.70,315659.931,15061638936.44410,3611436
1614470400000,2021-02-28 00:00:00,BTC/USDT,46097.09,46678.00,43002.05,45163.36,370358.825,16549302262.98406,4080209
1614384000000,2021-02-27 00:00:00,BTC/USDT,46313.12,48476.05,44926.77,46102.63,256027.074,12038528819.38199,2956397
1614297600000,2021-02-26 00:00:00,BTC/USDT,47087.97,48438.01,44100.00,46313.13,440670.320,20499678357.29738,4687978
1614211200000,2021-02-25 00:00:00,BTC/USDT,49702.05,52134.96,46685.43,47089.37,349943.016,17447887799.89135,3922104
1614124800000,2021-02-24 00:00:00,BTC/USDT,48930.01,51435.58,47000.00,49702.03,333415.219,16590055728.58514,3748411
1614038400000,2021-02-23 00:00:00,BTC/USDT,54125.55,54260.12,44893.82,48930.00,748737.462,36297078764.52196,8009736
1613952000000,2021-02-22 00:00:00,BTC/USDT,57475.50,57591.87,47751.42,54121.10,480660.187,25951996709.77277,4903878
1613865600000,2021-02-21 00:00:00,BTC/USDT,55908.45,58472.14,55564.50,57487.43,196820.573,11254047090.53712,2277504
1613779200000,2021-02-20 00:00:00,BTC/USDT,56005.85,57699.00,53905.00,55917.41,240296.308,13529409884.87238,2830372
1613692800000,2021-02-19 00:00:00,BTC/USDT,51612.46,56582.00,50800.00,56004.10,257911.872,13784775685.92855,2913704
1613606400000,2021-02-18 00:00:00,BTC/USDT,52194.62,52640.00,50948.00,51619.70,185489.890,9627115933.97444,2199927
1613520000000,2021-02-17 00:00:00,BTC/USDT,49197.93,52800.00,49029.62,52194.62,312007.458,15897490858.65766,3332737
1613433600000,2021-02-16 00:00:00,BTC/USDT,47981.60,50953.44,47101.02,49197.94,343592.011,16865499630.28187,3477742
1613347200000,2021-02-15 00:00:00,BTC/USDT,48655.21,49100.00,45349.21,47981.58,248960.404,11872149326.83184,2721739
1613260800000,2021-02-14 00:00:00,BTC/USDT,47221.63,49875.16,47093.16,48655.21,241935.666,11797051402.90574,2598883
1613174400000,2021-02-13 00:00:00,BTC/USDT,47364.00,48290.00,46252.10,47221.62,199965.397,9438075938.38798,2253613
1613088000000,2021-02-12 00:00:00,BTC/USDT,48060.21,49278.98,46121.00,47361.03,259186.288,12341281000.02568,2862051
1613001600000,2021-02-11 00:00:00,BTC/USDT,44850.00,48810.00,44038.97,48060.21,330540.045,15468624715.76271,3326357
1612915200000,2021-02-10 00:00:00,BTC/USDT,46492.53,47475.00,43770.00,44850.00,334979.017,15286260787.69888,3259151
1612828800000,2021-02-09 00:00:00,BTC/USDT,46451.32,48266.36,45057.65,46492.54,381477.426,17820342806.81088,3957333
1612742400000,2021-02-08 00:00:00,BTC/USDT,38849.24,47146.00,38037.00,46451.32,440167.093,18769855154.62719,4374347
1612656000000,2021-02-07 00:00:00,BTC/USDT,39249.53,39757.87,37403.27,38849.25,296721.925,11466152232.53475,2896234
1612569600000,2021-02-06 00:00:00,BTC/USDT,38357.17,40992.40,38269.00,39249.54,310826.315,12369698321.04784,3050313
1612483200000,2021-02-05 00:00:00,BTC/USDT,36975.19,38411.82,36586.68,38362.65,196277.444,7395595524.77548,2144343
1612396800000,2021-02-04 00:00:00,BTC/USDT,37651.92,38833.00,36233.00,36976.93,306715.022,11507154016.35826,2825262
1612310400000,2021-02-03 00:00:00,BTC/USDT,35504.07,37700.00,35410.00,37652.51,240308.078,8788925454.96376,2331826
1612224000000,2021-02-02 00:00:00,BTC/USDT,33546.08,36041.00,33450.00,35504.06,239856.230,8364687573.37923,2345193
1612137600000,2021-02-01 00:00:00,BTC/USDT,33125.11,34720.00,32322.47,33546.09,240632.325,8121385637.13714,2421173
1612051200000,2021-01-31 00:00:00,BTC/USDT,34284.76,34393.22,32193.04,33126.21,211293.891,7052326918.52193,2233259
1611964800000,2021-01-30 00:00:00,BTC/USDT,34267.04,34988.88,32849.06,34289.85,267861.872,9109013883.23461,2754794
1611878400000,2021-01-29 00:00:00,BTC/USDT,33399.99,38641.10,31960.00,34269.35,713579.785,25293550971.74301,5920737
1611792000000,2021-01-28 00:00:00,BTC/USDT,30382.96,33778.95,29843.33,33399.75,311528.373,9909261735.25709,2824829
1611705600000,2021-01-27 00:00:00,BTC/USDT,32474.81,32562.20,29240.00,30381.04,431022.839,13269633440.99824,3665833
1611619200000,2021-01-26 00:00:00,BTC/USDT,32253.68,32950.00,30810.00,32474.14,346861.707,11060562208.15130,3088089
1611532800000,2021-01-25 00:00:00,BTC/USDT,32274.88,34880.00,31921.47,32253.68,316687.524,10588161978.70822,2871028
1611446400000,2021-01-24 00:00:00,BTC/USDT,32086.48,33125.75,30914.20,32275.63,212107.044,6824806447.15319,2205550
1611360000000,2021-01-23 00:00:00,BTC/USDT,32990.08,33495.00,31405.00,32086.48,256776.411,8300485557.20308,2533905
1611273600000,2021-01-22 00:00:00,BTC/USDT,30875.77,33831.52,28880.00,32986.34,453568.538,14265924156.72767,4072699
1611187200000,2021-01-21 00:00:00,BTC/USDT,35499.23,35636.17,30069.90,30879.97,550562.277,17863845664.01804,4767974
1611100800000,2021-01-20 00:00:00,BTC/USDT,35891.74,36461.44,33403.00,35500.00,329192.419,11521126165.52288,3069181
1611014400000,2021-01-19 00:00:00,BTC/USDT,36690.00,37961.00,35850.00,35891.03,257889.419,9530202433.37249,2463060
1610928000000,2021-01-18 00:00:00,BTC/USDT,35875.72,37547.94,34808.47,36686.86,253386.703,9167208119.70183,2509593
1610841600000,2021-01-17 00:00:00,BTC/USDT,36025.65,36898.00,33863.50,35869.83,287686.129,10206002445.01776,2832554
1610755200000,2021-01-16 00:00:00,BTC/USDT,36755.25,38000.00,35366.00,36025.66,301102.477,11103654689.80840,3011057
1610668800000,2021-01-15 00:00:00,BTC/USDT,39163.31,39790.00,34478.00,36755.24,437610.113,16148530126.35195,4212641
1610582400000,2021-01-14 00:00:00,BTC/USDT,37416.34,40189.39,36764.33,39163.31,353142.386,13663753723.40309,3501513
1610496000000,2021-01-13 00:00:00,BTC/USDT,34065.53,37880.00,32420.00,37421.07,398188.088,13803091615.05157,3801367
1610409600000,2021-01-12 00:00:00,BTC/USDT,35406.92,36693.44,32600.00,34056.90,449065.693,15590695938.85224,4292644
1610323200000,2021-01-11 00:00:00,BTC/USDT,38200.01,38322.18,30448.00,35408.46,906275.651,30742156595.35393,7483656
1610236800000,2021-01-10 00:00:00,BTC/USDT,40136.05,41412.12,35268.00,38221.67,436759.048,17027093434.55105,3699058
1610150400000,2021-01-09 00:00:00,BTC/USDT,40638.91,41539.88,38733.28,40136.04,260882.805,10520523013.40685,2489926
1610064000000,2021-01-08 00:00:00,BTC/USDT,39498.32,42125.51,36539.77,40637.23,518080.826,20667265854.49486,4247011
1609977600000,2021-01-07 00:00:00,BTC/USDT,36825.77,40565.62,36337.36,39498.92,520147.908,19955559504.79166,3936708
1609891200000,2021-01-06 00:00:00,BTC/USDT,33999.51,37037.51,33356.46,36823.68,444019.830,15515216052.16546,3343780
1609804800000,2021-01-05 00:00:00,BTC/USDT,32029.55,34500.00,29900.00,33999.52,433720.833,13959353458.55198,3077140
1609718400000,2021-01-04 00:00:00,BTC/USDT,33053.93,33653.56,27800.00,32031.07,506128.023,15879195836.25302,3470951
1609632000000,2021-01-03 00:00:00,BTC/USDT,32198.41,34832.25,32000.02,33054.53,487486.989,16389111411.52760,3325307
1609545600000,2021-01-02 00:00:00,BTC/USDT,29337.15,33480.00,28958.24,32199.91,545541.080,17122938614.70610,3514545
1609459200000,2021-01-01 00:00:00,BTC/USDT,28948.19,29668.86,28627.12,29337.16,210716.398,6157505024.08511,1511793
1609372800000,2020-12-31 00:00:00,BTC/USDT,28906.99,29376.70,27848.00,28951.68,313648.835,9030623930.44815,2151517
1609286400000,2020-12-30 00:00:00,BTC/USDT,27402.83,29063.72,27401.00,28906.99,374737.655,10558400366.54597,2363568
1609200000000,2020-12-29 00:00:00,BTC/USDT,27101.45,27441.73,25913.01,27402.83,260759.449,6956813209.79086,1833178
1609113600000,2020-12-28 00:00:00,BTC/USDT,26301.76,27538.82,26117.10,27102.66,267563.468,7224208281.73227,1946973
1609027200000,2020-12-27 00:00:00,BTC/USDT,26508.84,28459.84,25850.00,26305.64,540264.148,14678578951.91622,3325654
1608940800000,2020-12-26 00:00:00,BTC/USDT,24729.99,26926.00,24507.24,26508.83,367265.555,9382122680.48018,2300815
1608854400000,2020-12-25 00:00:00,BTC/USDT,23738.75,24827.64,23450.00,24730.00,284523.431,6874550222.92909,1821407
1608768000000,2020-12-24 00:00:00,BTC/USDT,23237.73,23819.81,22700.00,23737.44,237754.257,5517917922.31023,1532684
1608681600000,2020-12-23 00:00:00,BTC/USDT,23826.74,24235.42,22572.52,23238.27,394754.939,9276578416.54451,2386530
1608595200000,2020-12-22 00:00:00,BTC/USDT,22736.05,23850.00,22387.00,23826.99,326124.313,7526843284.05874,1923785
1608508800000,2020-12-21 00:00:00,BTC/USDT,23472.96,24145.00,21920.00,22730.10,476456.589,11000495257.06996,2612726
1608422400000,2020-12-20 00:00:00,BTC/USDT,23847.28,24376.00,23076.25,23472.96,322289.774,7612660738.46881,1951223
1608336000000,2020-12-19 00:00:00,BTC/USDT,23124.35,24281.61,22735.81,23847.28,337535.438,7938307873.86828,1930474
1608249600000,2020-12-18 00:00:00,BTC/USDT,22816.99,23330.00,22363.94,23124.35,305997.222,7000308998.92912,1812455
1608163200000,2020-12-17 00:00:00,BTC/USDT,21346.81,23888.04,21231.50,22816.99,823435.821,18707295908.07286,4179029
1608076800000,2020-12-16 00:00:00,BTC/USDT,19424.90,21600.00,19274.55,21346.80,459302.012,9357131523.97121,2298208
1607990400000,2020-12-15 00:00:00,BTC/USDT,19270.71,19598.00,19039.64,19424.91,248744.054,4809598929.89016,1313847
1607904000000,2020-12-14 00:00:00,BTC/USDT,19175.06,19355.35,19004.72,19270.70,181555.823,3480597165.14886,1063827
1607817600000,2020-12-13 00:00:00,BTC/USDT,18800.00,19432.00,18705.46,19175.07,239760.089,4594353525.45600,1182585
1607731200000,2020-12-12 00:00:00,BTC/USDT,18031.71,18950.00,18012.21,18800.00,196962.282,3641762062.74761,1080853
1607644800000,2020-12-11 00:00:00,BTC/USDT,18254.00,18290.44,17555.00,18031.47,317866.070,5689740183.80654,1563578
1607558400000,2020-12-10 00:00:00,BTC/USDT,18537.97,18550.00,17916.00,18253.51,233960.241,4271592591.33380,1241586
1607472000000,2020-12-09 00:00:00,BTC/USDT,18319.33,18639.70,17650.00,18537.98,353123.689,6424799134.15169,1673883
1607385600000,2020-12-08 00:00:00,BTC/USDT,19172.87,19319.38,18133.33,18319.32,280714.132,5279747287.14345,1351027
1607299200000,2020-12-07 00:00:00,BTC/USDT,19375.00,19446.36,18908.66,19172.88,169402.371,3249551714.47632,926894
1607212800000,2020-12-06 00:00:00,BTC/USDT,19147.63,19449.10,18855.35,19375.02,176004.606,3370639869.06208,943780
1607126400000,2020-12-05 00:00:00,BTC/USDT,18662.72,19203.46,18510.00,19147.62,165912.647,3145507861.15582,946103
1607040000000,2020-12-04 00:00:00,BTC/USDT,19432.66,19537.16,18570.00,18664.20,276271.939,5260370304.16580,1376095
1606953600000,2020-12-03 00:00:00,BTC/USDT,19207.01,19640.00,18865.00,19434.30,245020.576,4724323628.54077,1272309
1606867200000,2020-12-02 00:00:00,BTC/USDT,18770.33,19365.00,18329.58,19207.01,335717.482,6352815848.93350,1606530
1606780800000,2020-12-01 00:00:00,BTC/USDT,19722.09,19956.00,18050.00,18772.70,553885.333,10601482195.21762,2558348
1606694400000,2020-11-30 00:00:00,BTC/USDT,18180.43,19944.00,18178.82,19720.00,500482.574,9568806966.58092,2089768
1606608000000,2020-11-29 00:00:00,BTC/USDT,17717.74,18343.00,17523.00,18181.09,256024.006,4609730542.10836,1125785
1606521600000,2020-11-28 00:00:00,BTC/USDT,17144.11,17880.00,16865.78,17717.74,268833.749,4666900540.00932,1129925
1606435200000,2020-11-27 00:00:00,BTC/USDT,17155.37,17465.00,16444.83,17144.10,398072.933,6748491428.31569,1639548
1606348800000,2020-11-26 00:00:00,BTC/USDT,18741.66,18940.69,16181.00,17155.34,850692.856,14698559977.07114,3571835
1606262400000,2020-11-25 00:00:00,BTC/USDT,19178.53,19554.19,18509.12,18741.67,426276.990,8117262497.74923,1821978
1606176000000,2020-11-24 00:00:00,BTC/USDT,18382.07,19440.00,18000.00,19179.64,477968.289,9042446485.58226,2009567
1606089600000,2020-11-23 00:00:00,BTC/USDT,18434.17,18812.65,18013.97,18382.07,364221.378,6718716197.90407,1558298
1606003200000,2020-11-22 00:00:00,BTC/USDT,18721.99,18780.00,17645.98,18435.20,373779.417,6856294687.86623,1611056
1605916800000,2020-11-21 00:00:00,BTC/USDT,18662.85,18986.00,18302.08,18721.99,342412.490,6408035133.45486,1467289
1605830400000,2020-11-20 00:00:00,BTC/USDT,17811.68,18831.60,17748.92,18664.31,407926.802,7497709362.56215,1699255
1605744000000,2020-11-19 00:00:00,BTC/USDT,17788.32,18200.00,17347.27,17811.68,406500.977,7243709977.39353,1642647
1605657600000,2020-11-18 00:00:00,BTC/USDT,17670.01,18520.00,17215.03,17788.32,732937.097,13108477651.19909,2750334
1605571200000,2020-11-17 00:00:00,BTC/USDT,16707.00,17890.10,16550.00,17670.01,524094.697,9050160241.00472,2012288
1605484800000,2020-11-16 00:00:00,BTC/USDT,15951.93,16882.00,15862.00,16707.07,342459.329,5627638531.07377,1452989
1605398400000,2020-11-15 00:00:00,BTC/USDT,16064.51,16161.23,15768.00,15952.27,210318.453,3359401680.11398,1160914
1605312000000,2020-11-14 00:00:00,BTC/USDT,16320.54,16326.82,15700.00,16064.51,266206.937,4251500067.66192,1235238
1605225600000,2020-11-13 00:00:00,BTC/USDT,16289.01,16479.99,15955.60,16320.54,306656.359,4984405298.81905,1405591
1605139200000,2020-11-12 00:00:00,BTC/USDT,15690.24,16345.00,15437.70,16289.02,471759.126,7523910248.89960,1927371
1605052800000,2020-11-11 00:00:00,BTC/USDT,15294.68,16000.00,15274.89,15690.24,330772.852,5177231131.45298,1387218
1604966400000,2020-11-10 00:00:00,BTC/USDT,15328.72,15474.17,15071.00,15294.68,244073.495,3732294398.38728,1109192
1604880000000,2020-11-09 00:00:00,BTC/USDT,15473.20,15869.00,14822.00,15328.72,474181.983,7271506165.70421,1801578
1604793600000,2020-11-08 00:00:00,BTC/USDT,14824.33,15678.00,14710.00,15473.20,290616.393,4428801810.67248,1188596
1604707200000,2020-11-07 00:00:00,BTC/USDT,15590.95,15774.00,14350.00,14824.34,457582.681,6921481478.48889,1783469
1604620800000,2020-11-06 00:00:00,BTC/USDT,15598.74,15984.20,15177.00,15590.96,559380.060,8719764932.89141,2067927
1604534400000,2020-11-05 00:00:00,BTC/USDT,14134.32,15777.00,14088.01,15598.75,717489.697,10661964053.31626,2418730
1604448000000,2020-11-04 00:00:00,BTC/USDT,14016.55,14280.00,13512.00,14134.31,451433.420,6269163703.99695,1677175
1604361600000,2020-11-03 00:00:00,BTC/USDT,13541.55,14070.00,13276.33,14016.55,348730.510,4748953992.22126,1303446
1604275200000,2020-11-02 00:00:00,BTC/USDT,13752.87,13823.75,13195.00,13540.54,327991.768,4433952125.46344,1222326
1604188800000,2020-11-01 00:00:00,BTC/USDT,13783.73,13891.52,13605.90,13752.86,198395.231,2727415103.81043,885249
1604102400000,2020-10-31 00:00:00,BTC/USDT,13549.12,14140.00,13403.36,13783.73,357853.230,4923864620.90212,1344037
1604016000000,2020-10-30 00:00:00,BTC/USDT,13446.65,13665.65,13100.00,13549.12,349890.573,4684549159.29936,1245765
1603929600000,2020-10-29 00:00:00,BTC/USDT,13255.79,13637.22,12965.00,13446.65,355352.336,4735209655.61303,1247634
1603843200000,2020-10-28 00:00:00,BTC/USDT,13629.89,13863.00,12876.00,13256.17,476993.789,6377260018.41431,1564676
1603756800000,2020-10-27 00:00:00,BTC/USDT,13047.24,13787.83,13041.30,13629.38,411509.506,5533418976.94019,1299183
1603670400000,2020-10-26 00:00:00,BTC/USDT,13024.21,13240.00,12729.00,13047.24,316503.296,4121218762.83565,1105825
1603584000000,2020-10-25 00:00:00,BTC/USDT,13110.88,13369.00,12715.00,13023.81,206012.652,2690867875.55715,889235
1603497600000,2020-10-24 00:00:00,BTC/USDT,12925.82,13177.59,12871.07,13110.88,176146.631,2296046388.61355,801400
1603411200000,2020-10-23 00:00:00,BTC/USDT,12970.39,13043.00,12725.04,12925.82,237042.526,3059965867.59326,897416
1603324800000,2020-10-22 00:00:00,BTC/USDT,12796.06,13188.27,12675.50,12968.87,343851.666,4448237306.19638,1232587
1603238400000,2020-10-21 00:00:00,BTC/USDT,11900.03,13240.00,11876.00,12796.07,591963.069,7435850474.64387,1870576
1603152000000,2020-10-20 00:00:00,BTC/USDT,11744.99,12045.78,11673.00,11900.03,312811.802,3710691439.20796,1059398
1603065600000,2020-10-19 00:00:00,BTC/USDT,11501.50,11830.00,11404.01,11745.00,230161.648,2677138464.51185,770332
1602979200000,2020-10-18 00:00:00,BTC/USDT,11356.25,11529.93,11342.54,11501.10,92472.191,1056889045.95337,444193
1602892800000,2020-10-17 00:00:00,BTC/USDT,11319.51,11424.09,11250.00,11356.25,95892.966,1086838512.10945,459443
1602806400000,2020-10-16 00:00:00,BTC/USDT,11502.00,11538.92,11175.00,11318.92,212339.085,2406176538.70338,725825
1602720000000,2020-10-15 00:00:00,BTC/USDT,11417.12,11649.48,11250.00,11502.00,215260.399,2455108608.64026,768321
1602633600000,2020-10-14 00:00:00,BTC/USDT,11419.36,11550.00,11280.50,11417.13,192936.970,2198967087.67917,694620
1602547200000,2020-10-13 00:00:00,BTC/USDT,11530.37,11562.00,11308.00,11419.36,199115.115,2276664144.17067,693780
1602460800000,2020-10-12 00:00:00,BTC/USDT,11369.59,11732.00,11157.00,11530.36,254217.203,2913019650.11615,781051
1602374400000,2020-10-11 00:00:00,BTC/USDT,11294.78,11450.73,11273.77,11369.59,146323.076,1662984690.97067,587941
1602288000000,2020-10-10 00:00:00,BTC/USDT,11050.46,11494.00,11050.46,11294.79,199398.012,2259937270.69761,731572
1602201600000,2020-10-09 00:00:00,BTC/USDT,10919.45,11110.00,10818.44,11050.47,154336.818,1697348173.83417,640685
1602115200000,2020-10-08 00:00:00,BTC/USDT,10658.75,10958.00,10523.00,10919.45,207938.861,2236764143.48042,754390
1602028800000,2020-10-07 00:00:00,BTC/USDT,10593.65,10675.00,10540.29,10658.75,106700.522,1132125130.95176,502888
1601942400000,2020-10-06 00:00:00,BTC/USDT,10784.99,10792.00,10510.66,10593.65,184895.250,1971152604.95732,699471
1601856000000,2020-10-05 00:00:00,BTC/USDT,10660.16,10792.00,10608.90,10785.00,130589.137,1397359152.98443,593867
1601769600000,2020-10-04 00:00:00,BTC/USDT,10537.96,10694.00,10514.00,10660.16,90912.105,964435994.41114,492034
1601683200000,2020-10-03 00:00:00,BTC/USDT,10565.44,10596.00,10491.11,10537.96,76315.911,804408980.87426,434460
1601596800000,2020-10-02 00:00:00,BTC/USDT,10612.62,10660.00,10371.03,10565.15,224747.037,2359977989.11924,764820
1601510400000,2020-10-01 00:00:00,BTC/USDT,10773.00,10935.14,10442.00,10612.63,253619.622,2711075914.61540,794540
1601424000000,2020-09-30 00:00:00,BTC/USDT,10836.99,10845.99,10660.05,10773.00,132834.116,1425790131.97503,527339
1601337600000,2020-09-29 00:00:00,BTC/USDT,10691.94,10863.94,10631.49,10836.98,146888.319,1575829644.66364,560608
1601251200000,2020-09-28 00:00:00,BTC/USDT,10768.00,11024.00,10627.19,10691.45,187105.377,2031385663.34365,652011
1601164800000,2020-09-27 00:00:00,BTC/USDT,10726.50,10793.50,10584.00,10768.00,123440.716,1321161006.11611,540964
1601078400000,2020-09-26 00:00:00,BTC/USDT,10683.50,10827.80,10642.23,10726.50,109340.491,1171569532.33158,553316
1600992000000,2020-09-25 00:00:00,BTC/USDT,10724.91,10754.29,10551.56,10683.51,170930.773,1820637897.43936,658581
1600905600000,2020-09-24 00:00:00,BTC/USDT,10237.91,10837.27,10191.00,10724.92,241646.573,2535999234.25082,849084
1600819200000,2020-09-23 00:00:00,BTC/USDT,10523.32,10531.94,10132.21,10237.91,203027.542,2106120078.85104,718731
1600732800000,2020-09-22 00:00:00,BTC/USDT,10414.73,10574.08,10353.10,10523.32,179900.686,1881975168.57792,628666
1600646400000,2020-09-21 00:00:00,BTC/USDT,10915.52,10980.69,10281.00,10414.73,333047.145,3533611850.80102,1017541
1600560000000,2020-09-20 00:00:00,BTC/USDT,11073.20,11073.90,10751.00,10914.28,150450.562,1639131152.37363,556991
1600473600000,2020-09-19 00:00:00,BTC/USDT,10926.30,11177.00,10880.00,11073.74,126239.232,1391945357.58867,537084
1600387200000,2020-09-18 00:00:00,BTC/USDT,10935.97,11035.00,10810.10,10926.29,136028.351,1484796957.63111,548421
1600300800000,2020-09-17 00:00:00,BTC/USDT,10948.16,11040.00,10740.00,10935.33,186484.361,2027994176.27302,658642
1600214400000,2020-09-16 00:00:00,BTC/USDT,10776.88,11089.08,10661.90,10948.17,252881.019,2756781832.23194,840472
1600128000000,2020-09-15 00:00:00,BTC/USDT,10664.10,10923.42,10592.00,10776.78,247657.230,2669470467.23613,786180
1600041600000,2020-09-14 00:00:00,BTC/USDT,10327.72,10746.06,10241.57,10664.10,205260.236,2162656994.62463,713135
1599955200000,2020-09-13 00:00:00,BTC/USDT,10438.29,10580.00,10209.01,10327.72,159021.843,1649859123.30593,556241
1599868800000,2020-09-12 00:00:00,BTC/USDT,10387.81,10477.70,10271.00,10438.28,97429.037,1010752220.53406,438259
1599782400000,2020-09-11 00:00:00,BTC/USDT,10335.91,10397.85,10200.80,10387.81,135929.303,1399304758.52121,541085
1599696000000,2020-09-10 00:00:00,BTC/USDT,10219.29,10484.60,10211.67,10335.91,187667.873,1940858757.01846,688022
1599609600000,2020-09-09 00:00:00,BTC/USDT,10130.00,10346.00,9981.13,10219.29,151222.689,1540063640.01559,640882
1599523200000,2020-09-08 00:00:00,BTC/USDT,10379.30,10443.79,9842.01,10129.02,317802.322,3206824298.75220,1173460
1599436800000,2020-09-07 00:00:00,BTC/USDT,10258.13,10420.55,9879.68,10378.76,258476.949,2616187381.74451,969133
1599350400000,2020-09-06 00:00:00,BTC/USDT,10168.23,10348.97,10003.00,10258.13,190207.654,1939661678.03638,771859
1599264000000,2020-09-05 00:00:00,BTC/USDT,10448.00,10567.87,9808.58,10168.71,399307.282,4069493999.69946,1315104
1599177600000,2020-09-04 00:00:00,BTC/USDT,10141.40,10635.77,9878.65,10448.00,432563.841,4473051196.63027,1249839
1599091200000,2020-09-03 00:00:00,BTC/USDT,11396.44,11475.00,9901.16,10141.08,487812.737,5277899021.36762,1372974
1599004800000,2020-09-02 00:00:00,BTC/USDT,11930.17,11961.00,11156.00,11396.96,280411.964,3230818459.57860,905753
1598918400000,2020-09-01 00:00:00,BTC/USDT,11658.11,12061.07,11531.34,11930.18,211680.828,2514017351.09218,688502
1598832000000,2020-08-31 00:00:00,BTC/USDT,11714.13,11784.21,11575.78,11658.11,127272.378,1487504145.43018,479728
1598745600000,2020-08-30 00:00:00,BTC/USDT,11466.27,11724.12,11457.88,11714.14,113266.672,1316261373.04529,432138
1598659200000,2020-08-29 00:00:00,BTC/USDT,11526.85,11582.00,11419.34,11466.66,83715.229,962840624.05221,363971
1598572800000,2020-08-28 00:00:00,BTC/USDT,11335.83,11544.88,11283.19,11526.85,129477.627,1481017951.74894,540434
1598486400000,2020-08-27 00:00:00,BTC/USDT,11466.22,11593.00,11130.82,11335.53,253778.342,2880004202.03534,836864
1598400000000,2020-08-26 00:00:00,BTC/USDT,11327.18,11548.68,11255.95,11466.22,170305.024,1941776559.57683,589715
1598313600000,2020-08-25 00:00:00,BTC/USDT,11753.29,11770.00,11130.00,11327.17,267234.771,3057706453.16736,857056
1598227200000,2020-08-24 00:00:00,BTC/USDT,11654.00,11831.96,11595.00,11753.30,108781.125,1277174863.89318,483641
1598140800000,2020-08-23 00:00:00,BTC/USDT,11670.48,11724.00,11522.15,11654.00,95608.033,1111234523.15725,435619
1598054400000,2020-08-22 00:00:00,BTC/USDT,11538.53,11689.08,11385.06,11670.47,126696.730,1462044717.32797,523937
1597968000000,2020-08-21 00:00:00,BTC/USDT,11858.53,11882.68,11491.00,11538.53,195106.536,2282701561.58203,736783
1597881600000,2020-08-20 00:00:00,BTC/USDT,11763.88,11888.00,11676.03,11857.92,130981.044,1544542409.29488,543754
1597795200000,2020-08-19 00:00:00,BTC/USDT,11962.03,12037.05,11574.78,11763.87,313267.066,3688115093.97591,1046341
1597708800000,2020-08-18 00:00:00,BTC/USDT,12298.06,12403.00,11810.00,11960.79,291349.888,3529402332.93990,981973
1597622400000,2020-08-17 00:00:00,BTC/USDT,11921.32,12499.42,11780.00,12298.06,331435.112,4026216925.43140,1161367
1597536000000,2020-08-16 00:00:00,BTC/USDT,11858.91,11945.00,11688.00,11921.23,165733.721,1962706567.39091,639729
1597449600000,2020-08-15 00:00:00,BTC/USDT,11767.89,11993.58,11682.00,11859.04,222262.987,2639621485.17468,785891
1597363200000,2020-08-14 00:00:00,BTC/USDT,11790.00,11868.42,11644.60,11767.89,159019.959,1869288349.44223,584032
1597276800000,2020-08-13 00:00:00,BTC/USDT,11568.37,11798.00,11272.00,11790.00,248214.725,2865188930.54970,885018
1597190400000,2020-08-12 00:00:00,BTC/USDT,11392.64,11630.00,11140.00,11568.36,213799.491,2446503849.80986,757273
1597104000000,2020-08-11 00:00:00,BTC/USDT,11896.86,11944.00,11127.00,11392.64,336861.638,3881574730.95979,1084362
1597017600000,2020-08-10 00:00:00,BTC/USDT,11685.99,12100.00,11384.90,11896.89,290418.014,3447830045.74761,911232
1596931200000,2020-08-09 00:00:00,BTC/USDT,11765.72,11811.00,11526.90,11685.99,125463.463,1462717950.80531,506961
1596844800000,2020-08-08 00:00:00,BTC/USDT,11596.26,11819.00,11513.69,11765.72,154707.303,1808155550.96800,578295
1596758400000,2020-08-07 00:00:00,BTC/USDT,11769.97,11920.00,11318.93,11596.06,273935.127,3191651680.81522,861575
1596672000000,2020-08-06 00:00:00,BTC/USDT,11752.50,11916.02,11571.78,11770.56,236459.595,2782205258.01308,701917
1596585600000,2020-08-05 00:00:00,BTC/USDT,11200.06,11798.56,11103.00,11752.50,263510.011,3037923802.72495,770746
1596499200000,2020-08-04 00:00:00,BTC/USDT,11227.07,11427.38,11025.00,11200.05,200044.934,2245992628.82789,628935
1596412800000,2020-08-03 00:00:00,BTC/USDT,11080.70,11483.00,10923.00,11227.07,238654.591,2689651526.95353,698614
1596326400000,2020-08-02 00:00:00,BTC/USDT,11811.43,12154.25,10490.00,11079.72,492803.351,5584559651.07942,1353476
1596240000000,2020-08-01 00:00:00,BTC/USDT,11343.67,11887.45,11201.00,11811.42,386322.642,4493961579.32069,1058421
1596153600000,2020-07-31 00:00:00,BTC/USDT,11111.97,11450.42,10971.78,11343.68,307399.731,3455848822.14170,843301
1596067200000,2020-07-30 00:00:00,BTC/USDT,11113.01,11195.52,10826.55,11111.96,230327.988,2540930684.60470,705335
1595980800000,2020-07-29 00:00:00,BTC/USDT,10919.94,11364.80,10844.34,11113.03,356188.761,3965422424.83448,1016186
1595894400000,2020-07-28 00:00:00,BTC/USDT,11047.58,11270.00,10580.00,10919.94,499486.679,5481417615.66494,1527878
1595808000000,2020-07-27 00:00:00,BTC/USDT,9939.68,11488.00,9928.61,11047.58,744752.400,7891956950.28577,2085818
1595721600000,2020-07-26 00:00:00,BTC/USDT,9701.54,10300.00,9655.20,9939.69,261998.786,2598998008.67622,811567
1595635200000,2020-07-25 00:00:00,BTC/USDT,9539.70,9735.10,9526.31,9701.49,133377.589,1284993355.34513,517523
1595548800000,2020-07-24 00:00:00,BTC/USDT,9604.41,9650.00,9470.00,9539.70,133975.068,1279232338.52369,531836
1595462400000,2020-07-23 00:00:00,BTC/USDT,9518.25,9678.32,9439.86,9604.41,166990.147,1593882469.43966,566970
1595376000000,2020-07-22 00:00:00,BTC/USDT,9388.00,9543.00,9272.00,9518.25,126598.902,1189260919.42176,417994
1595289600000,2020-07-21 00:00:00,BTC/USDT,9161.28,9439.60,9152.62,9388.01,179211.347,1671206199.52861,515483
1595203200000,2020-07-20 00:00:00,BTC/USDT,9210.68,9221.00,9131.01,9161.13,72429.691,664469650.80326,245657
1595116800000,2020-07-19 00:00:00,BTC/USDT,9171.79,9239.59,9108.00,9210.51,75554.579,692144095.42895,243001
1595030400000,2020-07-18 00:00:00,BTC/USDT,9151.70,9210.00,9121.98,9171.80,63233.596,579542001.39296,206354
1594944000000,2020-07-17 00:00:00,BTC/USDT,9132.00,9187.00,9087.00,9151.69,80940.584,739789769.33429,244169
1594857600000,2020-07-16 00:00:00,BTC/USDT,9197.75,9223.00,9044.02,9132.00,148089.450,1350809171.27347,402299
1594771200000,2020-07-15 00:00:00,BTC/USDT,9254.17,9272.56,9156.00,9197.30,104107.708,959516024.21559,307679
1594684800000,2020-07-14 00:00:00,BTC/USDT,9241.18,9279.00,9116.00,9254.17,129704.278,1194751477.53481,381121
1594598400000,2020-07-13 00:00:00,BTC/USDT,9300.70,9345.00,9200.00,9241.20,136117.659,1262652034.01365,407784
1594512000000,2020-07-12 00:00:00,BTC/USDT,9233.50,9349.00,9155.00,9300.69,127841.882,1182491576.57045,369869
1594425600000,2020-07-11 00:00:00,BTC/USDT,9288.39,9301.74,9178.91,9233.50,74976.521,692340842.13135,268041
1594339200000,2020-07-10 00:00:00,BTC/USDT,9236.29,9317.24,9121.42,9288.39,140849.874,1295681629.88250,418173
1594252800000,2020-07-09 00:00:00,BTC/USDT,9436.08,9440.81,9164.33,9236.28,188355.856,1751622435.13053,526694
1594166400000,2020-07-08 00:00:00,BTC/USDT,9258.51,9470.00,9233.47,9436.08,170243.001,1594244760.10968,503111
1594080000000,2020-07-07 00:00:00,BTC/USDT,9339.59,9380.00,9201.23,9258.51,127833.975,1184876083.76661,405928
1593993600000,2020-07-06 00:00:00,BTC/USDT,9071.87,9379.00,9058.10,9339.60,199643.828,1843703742.26119,543847
1593907200000,2020-07-05 00:00:00,BTC/USDT,9137.18,9146.35,8900.00,9071.86,139545.566,1261953986.20306,424855
1593820800000,2020-07-04 00:00:00,BTC/USDT,9058.07,9194.00,9042.84,9137.18,100215.438,913030839.30531,300402
1593734400000,2020-07-03 00:00:00,BTC/USDT,9087.72,9124.52,9036.06,9057.52,96947.338,881331916.25717,334878
1593648000000,2020-07-02 00:00:00,BTC/USDT,9233.29,9262.99,8936.00,9087.72,230747.519,2105533922.19592,649904
1593561600000,2020-07-01 00:00:00,BTC/USDT,9138.88,9293.00,9090.00,9233.29,161642.185,1487427692.29113,446516
1593475200000,2020-06-30 00:00:00,BTC/USDT,9189.99,9205.00,9063.97,9138.87,143469.832,1311949155.72121,418034
1593388800000,2020-06-29 00:00:00,BTC/USDT,9114.01,9233.00,9022.00,9189.48,176660.525,1610778783.22314,513754
1593302400000,2020-06-28 00:00:00,BTC/USDT,9008.00,9188.00,8932.68,9114.00,153842.891,1395928886.65951,480457
1593216000000,2020-06-27 00:00:00,BTC/USDT,9159.99,9195.75,8816.40,9008.00,237840.165,2153509215.41693,635966
1593129600000,2020-06-26 00:00:00,BTC/USDT,9246.75,9297.16,9038.52,9159.99,249348.670,2285936800.87162,682581
1593043200000,2020-06-25 00:00:00,BTC/USDT,9298.78,9350.90,9005.00,9246.75,272566.502,2510788505.43618,724717
1592956800000,2020-06-24 00:00:00,BTC/USDT,9631.65,9678.00,9210.00,9298.40,300450.251,2825265494.90329,748649
1592870400000,2020-06-23 00:00:00,BTC/USDT,9686.99,9723.23,9585.00,9631.66,164673.499,1588083862.05429,432869
1592784000000,2020-06-22 00:00:00,BTC/USDT,9293.39,9795.00,9273.00,9686.99,260561.647,2482574353.64243,634767
1592697600000,2020-06-21 00:00:00,BTC/USDT,9353.84,9420.47,9279.00,9293.51,110599.558,1033976410.97488,316619
1592611200000,2020-06-20 00:00:00,BTC/USDT,9307.00,9394.29,9165.00,9354.04,154462.290,1436354409.44428,425349
1592524800000,2020-06-19 00:00:00,BTC/USDT,9381.99,9453.00,9239.00,9307.00,219510.059,2048059719.36743,588538
1592438400000,2020-06-18 00:00:00,BTC/USDT,9458.45,9483.85,9272.41,9381.59,158349.247,1488056320.77280,477815
1592352000000,2020-06-17 00:00:00,BTC/USDT,9519.13,9569.00,9231.03,9458.45,227477.390,2143290042.11355,623537
1592265600000,2020-06-16 00:00:00,BTC/USDT,9422.01,9595.00,9370.00,9519.12,225713.247,2143232282.69654,641488
1592179200000,2020-06-15 00:00:00,BTC/USDT,9339.70,9490.83,8888.43,9422.01,413865.727,3811857667.87459,1088825
1592092800000,2020-06-14 00:00:00,BTC/USDT,9468.55,9477.00,9240.97,9339.61,143978.523,1350388889.47993,422272
1592006400000,2020-06-13 00:00:00,BTC/USDT,9458.77,9497.85,9340.00,9468.54,113449.075,1068817694.43180,348090
1591920000000,2020-06-12 00:00:00,BTC/USDT,9277.72,9550.00,9238.00,9458.91,211611.340,1992908459.95852,641434
1591833600000,2020-06-11 00:00:00,BTC/USDT,9884.99,9970.10,9055.07,9278.03,404046.613,3862130909.12521,1027558
1591747200000,2020-06-10 00:00:00,BTC/USDT,9771.66,10015.99,9681.21,9884.99,193628.149,1900724588.13658,551989
1591660800000,2020-06-09 00:00:00,BTC/USDT,9778.87,9890.00,9550.03,9771.66,204422.819,1986584445.30502,553812
1591574400000,2020-06-08 00:00:00,BTC/USDT,9743.92,9816.00,9631.00,9778.87,162086.419,1575946981.01871,474606
1591488000000,2020-06-07 00:00:00,BTC/USDT,9664.01,9823.13,9373.00,9743.92,253986.313,2440468630.54430,695541
1591401600000,2020-06-06 00:00:00,BTC/USDT,9616.64,9738.77,9528.00,9664.00,152526.703,1469881938.14958,507355
1591315200000,2020-06-05 00:00:00,BTC/USDT,9788.32,9855.00,9580.52,9617.29,237103.042,2307020792.84172,674699
1591228800000,2020-06-04 00:00:00,BTC/USDT,9663.58,9884.00,9440.00,9788.33,264515.319,2564530031.26807,769445
1591142400000,2020-06-03 00:00:00,BTC/USDT,9514.90,9694.75,9382.33,9663.59,185389.412,1770390770.59070,571997
1591056000000,2020-06-02 00:00:00,BTC/USDT,10232.41,10262.30,9264.15,9514.90,354168.517,3459821278.61491,939395
1590969600000,2020-06-01 00:00:00,BTC/USDT,9446.49,10497.25,9420.85,10232.48,333740.457,3267274407.65878,922467
1590883200000,2020-05-31 00:00:00,BTC/USDT,9694.38,9698.00,9371.76,9446.43,219829.356,2096318341.55532,676486
1590796800000,2020-05-30 00:00:00,BTC/USDT,9422.11,9753.00,9326.01,9695.00,255234.058,2431044087.19118,691896
1590710400000,2020-05-29 00:00:00,BTC/USDT,9569.58,9598.00,9317.42,9422.26,238691.299,2255365978.23178,627717
1590624000000,2020-05-28 00:00:00,BTC/USDT,9197.32,9621.65,9110.97,9569.59,327412.374,3062477084.82549,801469
1590537600000,2020-05-27 00:00:00,BTC/USDT,8837.88,9230.00,8811.00,9197.32,272253.998,2466842797.45267,700725
1590451200000,2020-05-26 00:00:00,BTC/USDT,8895.66,9011.82,8693.18,8837.05,275619.158,2439508067.10614,736181
1590364800000,2020-05-25 00:00:00,BTC/USDT,8711.37,8977.00,8623.38,8895.65,302980.106,2667337683.37678,775095
1590278400000,2020-05-24 00:00:00,BTC/USDT,9176.32,9294.44,8674.00,8711.37,339643.378,3070856922.42420,872058
1590192000000,2020-05-23 00:00:00,BTC/USDT,9166.43,9300.00,9076.90,9176.41,201589.660,1852871137.72634,582528
1590105600000,2020-05-22 00:00:00,BTC/USDT,9060.00,9259.38,8920.00,9166.40,276008.073,2515865909.33410,772928
1590019200000,2020-05-21 00:00:00,BTC/USDT,9508.00,9573.00,8812.20,9060.00,461439.193,4241795752.85480,1286185
1589932800000,2020-05-20 00:00:00,BTC/USDT,9772.66,9838.00,9281.42,9508.11,334423.590,3218411345.98419,920679
1589846400000,2020-05-19 00:00:00,BTC/USDT,9731.11,9900.00,9462.00,9773.64,376313.845,3642878349.19720,1062705
1589760000000,2020-05-18 00:00:00,BTC/USDT,9677.31,9958.67,9450.00,9731.10,363732.370,3533354104.77906,1065425
1589673600000,2020-05-17 00:00:00,BTC/USDT,9374.99,9880.00,9317.16,9678.57,300859.340,2902728542.66065,973266
1589587200000,2020-05-16 00:00:00,BTC/USDT,9311.21,9585.00,9210.03,9374.99,287768.201,2705830761.58087,918028
1589500800000,2020-05-15 00:00:00,BTC/USDT,9787.62,9843.50,9100.00,9310.73,504107.096,4784027638.71762,1399261
1589414400000,2020-05-14 00:00:00,BTC/USDT,9305.91,9950.00,9250.66,9786.80,602528.438,5798873580.63930,1596856
1589328000000,2020-05-13 00:00:00,BTC/USDT,8808.71,9397.00,8790.04,9305.91,379719.000,3445913924.84949,1154539
1589241600000,2020-05-12 00:00:00,BTC/USDT,8560.73,8981.00,8520.43,8808.71,369716.041,3246499322.14054,1104068
1589155200000,2020-05-11 00:00:00,BTC/USDT,8723.23,9164.00,8151.12,8561.09,805164.964,7000184961.90937,2107410
1589068800000,2020-05-10 00:00:00,BTC/USDT,9550.25,9580.00,7940.00,8719.53,842909.031,7302630276.90636,2157408
1588982400000,2020-05-09 00:00:00,BTC/USDT,9809.63,9923.98,9528.23,9550.67,411941.957,3999406853.47510,1189983
1588896000000,2020-05-08 00:00:00,BTC/USDT,9994.74,10045.03,9726.00,9807.49,458034.211,4537481797.57234,1342120
1588809600000,2020-05-07 00:00:00,BTC/USDT,9148.29,10080.00,9022.00,9995.00,738920.219,7079465730.29004,2004469
1588723200000,2020-05-06 00:00:00,BTC/USDT,9022.76,9405.00,8916.01,9148.27,507753.800,4664860084.31144,1337479
1588636800000,2020-05-05 00:00:00,BTC/USDT,8873.99,9118.17,8766.12,9022.78,409920.130,3661156607.24140,1172631
1588550400000,2020-05-04 00:00:00,BTC/USDT,8899.99,8954.94,8526.00,8873.98,440135.307,3852426972.10020,1272135
1588464000000,2020-05-03 00:00:00,BTC/USDT,8975.18,9200.00,8727.24,8900.00,451322.713,4049513026.35921,1308158
1588377600000,2020-05-02 00:00:00,BTC/USDT,8830.52,9020.00,8755.01,8975.18,295769.728,2627710360.02383,893324
1588291200000,2020-05-01 00:00:00,BTC/USDT,8623.61,9065.00,8619.84,8830.52,417820.386,3680586288.10126,1303431
1588204800000,2020-04-30 00:00:00,BTC/USDT,8784.05,9479.77,8400.00,8624.76,944211.711,8437341148.39130,2329118
1588118400000,2020-04-29 00:00:00,BTC/USDT,7735.76,8988.66,7710.00,8784.20,871197.569,7297189826.77707,2033439
1588032000000,2020-04-28 00:00:00,BTC/USDT,7774.00,7780.00,7662.49,7735.75,217652.761,1679915193.12297,588167
1587945600000,2020-04-27 00:00:00,BTC/USDT,7693.63,7795.60,7623.98,7774.00,290336.169,2236759632.39633,755785
1587859200000,2020-04-26 00:00:00,BTC/USDT,7534.01,7709.57,7476.86,7694.17,269921.936,2052434573.88043,720885
1587772800000,2020-04-25 00:00:00,BTC/USDT,7504.62,7722.33,7433.00,7534.01,243266.807,1836251609.02060,645606
1587686400000,2020-04-24 00:00:00,BTC/USDT,7483.36,7612.91,7388.00,7504.11,278378.368,2091451737.76575,808016
1587600000000,2020-04-23 00:00:00,BTC/USDT,7120.06,7802.38,7020.00,7483.35,472510.047,3475717726.54963,1298970
1587513600000,2020-04-22 00:00:00,BTC/USDT,6838.00,7154.90,6812.57,7120.06,306482.163,2147460698.31218,926951
1587427200000,2020-04-21 00:00:00,BTC/USDT,6825.28,6940.00,6759.16,6838.00,288024.528,1972271576.59066,927606
1587340800000,2020-04-20 00:00:00,BTC/USDT,7118.04,7208.55,6735.95,6825.29,445104.981,3107676568.44843,1327875
1587254400000,2020-04-19 00:00:00,BTC/USDT,7242.49,7258.42,7055.00,7118.03,216975.114,1550386464.89985,687566
1587168000000,2020-04-18 00:00:00,BTC/USDT,7022.00,7290.00,7008.11,7242.42,225807.171,1616702892.39814,665801
1587081600000,2020-04-17 00:00:00,BTC/USDT,7098.15,7140.00,6981.00,7022.44,277339.601,1958075004.68818,815405
1586995200000,2020-04-16 00:00:00,BTC/USDT,6616.88,7190.92,6465.33,7098.15,559868.603,3869854829.89996,1570129
1586908800000,2020-04-15 00:00:00,BTC/USDT,6864.11,6929.00,6602.59,6616.89,281136.689,1902882417.25705,978500
1586822400000,2020-04-14 00:00:00,BTC/USDT,6834.01,6975.60,6751.00,6864.11,280445.427,1926255197.49405,1002761
1586736000000,2020-04-13 00:00:00,BTC/USDT,6900.19,6900.99,6558.00,6834.00,421954.773,2840095791.57115,1257602
1586649600000,2020-04-12 00:00:00,BTC/USDT,6874.17,7173.98,6775.66,6900.52,321594.822,2245397129.53634,960439
1586563200000,2020-04-11 00:00:00,BTC/USDT,6858.00,6944.28,6757.29,6874.18,224157.844,1535701119.55164,703329
1586476800000,2020-04-10 00:00:00,BTC/USDT,7278.83,7290.00,6741.00,6857.82,440148.453,3057722780.62013,1366733
1586390400000,2020-04-09 00:00:00,BTC/USDT,7357.15,7365.69,7105.98,7278.65,293638.581,2136691783.39294,844238
1586304000000,2020-04-08 00:00:00,BTC/USDT,7192.90,7417.83,7145.14,7357.66,332599.575,2426530950.31658,1007080
1586217600000,2020-04-07 00:00:00,BTC/USDT,7325.73,7457.00,7070.43,7192.90,419572.040,3065548691.90531,1075255
1586131200000,2020-04-06 00:00:00,BTC/USDT,6768.90,7370.00,6760.00,7325.73,461331.013,3269655313.60241,1279153
1586044800000,2020-04-05 00:00:00,BTC/USDT,6851.40,6893.44,6668.02,6768.90,239224.508,1622119002.66283,698862
1585958400000,2020-04-04 00:00:00,BTC/USDT,6729.80,7020.00,6629.99,6851.10,319849.757,2168134179.35285,918658
1585872000000,2020-04-03 00:00:00,BTC/USDT,6791.65,7049.11,6600.00,6729.80,411944.927,2809083862.31635,1074346
1585785600000,2020-04-02 00:00:00,BTC/USDT,6641.22,7290.00,6542.73,6791.63,531321.428,3604597593.43110,1382876
1585699200000,2020-04-01 00:00:00,BTC/USDT,6407.10,6693.00,6140.00,6641.51,390529.602,2470585503.92402,1158799
1585612800000,2020-03-31 00:00:00,BTC/USDT,6389.52,6516.63,6320.00,6407.10,262522.644,1689175318.59372,790788
1585526400000,2020-03-30 00:00:00,BTC/USDT,5876.27,6606.15,5850.00,6391.08,387321.998,2435748934.79350,1071219
1585440000000,2020-03-29 00:00:00,BTC/USDT,6231.81,6260.00,5857.60,5876.27,251335.919,1525085226.99231,695647
1585353600000,2020-03-28 00:00:00,BTC/USDT,6353.64,6354.74,6004.00,6230.95,341944.185,2120036125.18386,1008455
1585267200000,2020-03-27 00:00:00,BTC/USDT,6733.76,6840.00,6230.00,6353.64,258213.519,1715677661.94467,741333
1585180800000,2020-03-26 00:00:00,BTC/USDT,6673.57,6777.50,6500.00,6733.76,281245.628,1870132448.53115,808889
1585094400000,2020-03-25 00:00:00,BTC/USDT,6740.86,6960.71,6436.26,6673.41,400684.542,2667204859.27760,1046097
1585008000000,2020-03-24 00:00:00,BTC/USDT,6463.21,6840.00,6369.00,6741.33,437968.553,2903592538.87217,1114257
1584921600000,2020-03-23 00:00:00,BTC/USDT,5810.30,6619.90,5670.00,6463.84,489746.087,3012248578.73576,1193611
1584835200000,2020-03-22 00:00:00,BTC/USDT,6183.84,6408.91,5730.35,5810.17,391002.795,2379970465.43368,1072425
1584748800000,2020-03-21 00:00:00,BTC/USDT,6204.47,6457.17,5854.01,6183.69,387679.649,2387762770.11733,986672
1584662400000,2020-03-20 00:00:00,BTC/USDT,6159.41,6911.00,5650.00,6203.77,571898.016,3643186059.94639,1274738
1584576000000,2020-03-19 00:00:00,BTC/USDT,5389.94,6400.00,5246.50,6159.60,499391.190,2922169778.65964,1105378
1584489600000,2020-03-18 00:00:00,BTC/USDT,5306.42,5435.00,4982.75,5389.64,402005.703,2108477121.16380,915737
1584403200000,2020-03-17 00:00:00,BTC/USDT,5027.11,5529.98,4913.49,5307.38,429908.098,2271134947.39557,1054231
1584316800000,2020-03-16 00:00:00,BTC/USDT,5354.81,5361.26,4413.62,5026.26,621555.792,3043134893.44952,1445469
1584230400000,2020-03-15 00:00:00,BTC/USDT,5167.21,5954.47,5089.12,5357.32,356311.765,1916062699.25133,806813
1584144000000,2020-03-14 00:00:00,BTC/USDT,5569.84,5638.42,5040.00,5167.01,316242.586,1697439879.44057,778184
1584057600000,2020-03-13 00:00:00,BTC/USDT,4762.28,5971.00,3621.81,5570.26,935489.242,4777193239.09059,2491958
1583971200000,2020-03-12 00:00:00,BTC/USDT,7938.39,7969.00,4347.00,4764.65,784747.020,4935684191.16036,1559176
1583884800000,2020-03-11 00:00:00,BTC/USDT,7898.21,7988.00,7593.29,7938.39,220537.381,1724800753.69309,401429
1583798400000,2020-03-10 00:00:00,BTC/USDT,7932.45,8156.31,7733.00,7897.66,257068.702,2044527824.74198,480453
1583712000000,2020-03-09 00:00:00,BTC/USDT,8038.99,8182.31,7635.21,7932.15,334399.107,2627368283.37935,630254
1583625600000,2020-03-08 00:00:00,BTC/USDT,8895.62,8897.71,7997.70,8038.46,237407.028,2003492668.69928,443337
1583539200000,2020-03-07 00:00:00,BTC/USDT,9139.77,9204.00,8850.00,8897.18,125804.999,1135455550.23333,240352
1583452800000,2020-03-06 00:00:00,BTC/USDT,9062.62,9179.75,8994.14,9139.48,115011.583,1045435230.09336,226911
1583366400000,2020-03-05 00:00:00,BTC/USDT,8755.98,9172.30,8755.98,9062.81,161840.623,1458350448.94803,305604
1583280000000,2020-03-04 00:00:00,BTC/USDT,8765.00,8853.88,8669.23,8756.93,105462.120,923600039.89969,219177
1583193600000,2020-03-03 00:00:00,BTC/USDT,8919.70,8922.34,8657.41,8765.00,160123.605,1406716868.87184,331015
1583107200000,2020-03-02 00:00:00,BTC/USDT,8537.84,8972.00,8504.95,8919.70,160294.484,1405207928.76918,330286
1583020800000,2020-03-01 00:00:00,BTC/USDT,8532.50,8762.24,8409.00,8537.84,174332.916,1494294629.10932,346326
1582934400000,2020-02-29 00:00:00,BTC/USDT,8699.86,8799.83,8530.00,8531.98,103524.685,898160923.81681,217411
1582848000000,2020-02-28 00:00:00,BTC/USDT,8827.12,8908.86,8450.00,8699.57,196066.110,1698656157.08208,479621
1582761600000,2020-02-27 00:00:00,BTC/USDT,8793.96,8978.00,8533.90,8828.00,200638.488,1763578868.15436,447761
1582675200000,2020-02-26 00:00:00,BTC/USDT,9326.00,9384.00,8610.00,8792.22,267005.172,2409004404.57587,594555
1582588800000,2020-02-25 00:00:00,BTC/USDT,9662.88,9686.78,9247.00,9326.00,168641.725,1596316068.55609,370353
1582502400000,2020-02-24 00:00:00,BTC/USDT,9943.12,10000.00,9487.38,9662.95,157965.671,1535789024.65726,357670
1582416000000,2020-02-23 00:00:00,BTC/USDT,9658.95,10018.90,9657.00,9943.12,97134.358,959596142.38798,229104
1582329600000,2020-02-22 00:00:00,BTC/USDT,9681.39,9710.70,9565.00,9659.20,58419.547,563688224.30407,137989
1582243200000,2020-02-21 00:00:00,BTC/USDT,9601.51,9759.59,9547.00,9681.39,98954.288,957995037.55100,222939
1582156800000,2020-02-20 00:00:00,BTC/USDT,9593.31,9700.00,9382.59,9601.99,143105.587,1370467343.18510,340441
1582070400000,2020-02-19 00:00:00,BTC/USDT,10174.53,10286.00,9293.07,9593.65,187495.927,1861820032.84195,442535
1581984000000,2020-02-18 00:00:00,BTC/USDT,9716.00,10270.00,9598.00,10174.32,166119.369,1642320613.87592,398826
1581897600000,2020-02-17 00:00:00,BTC/USDT,9921.87,9971.00,9461.89,9716.00,185338.179,1795989784.48734,399493
1581811200000,2020-02-16 00:00:00,BTC/USDT,9914.31,10060.45,9626.64,9921.86,141547.956,1398906974.55862,321449
1581724800000,2020-02-15 00:00:00,BTC/USDT,10356.27,10389.75,9752.30,9914.99,152146.127,1533600988.37217,325934
1581638400000,2020-02-14 00:00:00,BTC/USDT,10240.02,10390.00,10123.37,10356.82,130975.746,1345001966.03801,267110
1581552000000,2020-02-13 00:00:00,BTC/USDT,10339.64,10540.00,10101.00,10239.63,213052.717,2192034973.13267,454247
1581465600000,2020-02-12 00:00:00,BTC/USDT,10230.74,10479.98,10229.71,10339.99,159674.258,1650500848.23864,336615
1581379200000,2020-02-11 00:00:00,BTC/USDT,9865.56,10409.96,9729.36,10229.06,190119.815,1906183204.95577,381836
1581292800000,2020-02-10 00:00:00,BTC/USDT,10167.37,10213.56,9750.00,9865.56,184242.737,1831546625.42966,333889
1581206400000,2020-02-09 00:00:00,BTC/USDT,9906.09,10184.34,9892.15,10167.38,143407.013,1446593331.85639,270733
1581120000000,2020-02-08 00:00:00,BTC/USDT,9821.52,9956.00,9680.55,9906.43,129267.269,1270369231.27298,238583
1581033600000,2020-02-07 00:00:00,BTC/USDT,9777.97,9900.00,9736.66,9821.52,129740.767,1272175090.89561,244078
1580947200000,2020-02-06 00:00:00,BTC/USDT,9630.00,9884.00,9550.00,9778.12,200556.367,1950865328.54665,366953
1580860800000,2020-02-05 00:00:00,BTC/USDT,9198.32,9799.08,9179.88,9630.00,212311.697,2014987376.43659,387332
1580774400000,2020-02-04 00:00:00,BTC/USDT,9300.63,9368.00,9105.00,9198.35,147843.902,1363688333.14538,282503
1580688000000,2020-02-03 00:00:00,BTC/USDT,9340.49,9647.61,9250.00,9300.64,159049.385,1491076833.73277,313233
1580601600000,2020-02-02 00:00:00,BTC/USDT,9392.99,9489.92,9160.01,9338.20,148402.977,1391948766.66181,285872
1580515200000,2020-02-01 00:00:00,BTC/USDT,9364.50,9477.76,9306.00,9392.74,109040.285,1024210862.88076,229569
1580428800000,2020-01-31 00:00:00,BTC/USDT,9525.67,9550.72,9220.00,9364.51,146644.026,1373298967.87264,266727
1580342400000,2020-01-30 00:00:00,BTC/USDT,9311.23,9599.00,9210.42,9525.67,190137.536,1789181440.43438,393732
1580256000000,2020-01-29 00:00:00,BTC/USDT,9399.72,9460.52,9242.00,9311.00,169460.643,1584974428.29945,338155
1580169600000,2020-01-28 00:00:00,BTC/USDT,8913.61,9436.06,8905.00,9398.98,244467.546,2222778105.27098,455985
1580083200000,2020-01-27 00:00:00,BTC/USDT,8611.21,9015.48,8565.00,8913.61,172235.328,1511064610.55725,359034
1579996800000,2020-01-26 00:00:00,BTC/USDT,8344.37,8624.45,8300.00,8611.21,117898.916,999306483.13926,218347
1579910400000,2020-01-25 00:00:00,BTC/USDT,8442.82,8455.00,8272.00,8344.64,96961.714,809079683.34699,186872
1579824000000,2020-01-24 00:00:00,BTC/USDT,8410.00,8528.00,8247.00,8441.96,144785.391,1217077351.53608,316370
1579737600000,2020-01-23 00:00:00,BTC/USDT,8684.47,8694.00,8326.00,8409.60,163407.064,1383035382.70483,335447
1579651200000,2020-01-22 00:00:00,BTC/USDT,8742.78,8820.00,8585.85,8684.57,94305.496,819676430.85578,180455
1579564800000,2020-01-21 00:00:00,BTC/USDT,8650.00,8790.10,8448.60,8742.43,107577.153,931932876.50871,200875
1579478400000,2020-01-20 00:00:00,BTC/USDT,8705.98,8750.37,8526.06,8650.00,125161.675,1083263125.12439,240897
1579392000000,2020-01-19 00:00:00,BTC/USDT,8925.00,9205.30,8440.91,8705.85,225314.525,1990403744.33708,444795
1579305600000,2020-01-18 00:00:00,BTC/USDT,8918.73,8995.00,8816.00,8925.00,114708.682,1021654832.44937,220520
1579219200000,2020-01-17 00:00:00,BTC/USDT,8724.99,9039.00,8680.00,8918.72,205717.686,1827760141.13558,390463
1579132800000,2020-01-16 00:00:00,BTC/USDT,8825.35,8868.21,8596.25,8725.08,167958.963,1460649456.34463,294579
1579046400000,2020-01-15 00:00:00,BTC/USDT,8825.00,8921.20,8570.52,8825.30,237633.837,2084078908.15777,435491
1578960000000,2020-01-14 00:00:00,BTC/USDT,8112.99,8893.00,8109.02,8825.00,290777.981,2496741836.26976,652920
1578873600000,2020-01-13 00:00:00,BTC/USDT,8186.22,8200.00,8053.78,8113.00,74581.364,604921759.06788,184440
1578787200000,2020-01-12 00:00:00,BTC/USDT,8020.58,8195.00,7956.28,8186.70,108629.964,881428055.68761,243290
1578700800000,2020-01-11 00:00:00,BTC/USDT,8207.20,8292.19,8003.87,8020.56,164741.715,1338581053.96550,354690
1578614400000,2020-01-10 00:00:00,BTC/USDT,7817.91,8210.62,7670.00,8207.09,253783.948,2013738849.92087,542054
1578528000000,2020-01-09 00:00:00,BTC/USDT,8059.77,8060.00,7750.01,7818.59,187263.143,1478591346.02358,362420
1578441600000,2020-01-08 00:00:00,BTC/USDT,8150.90,8468.42,7870.11,8059.84,321225.114,2644782835.79284,650971
1578355200000,2020-01-07 00:00:00,BTC/USDT,7757.74,8215.33,7733.00,8152.49,280809.162,2233372067.10005,526402
1578268800000,2020-01-06 00:00:00,BTC/USDT,7354.36,7808.65,7345.00,7757.39,168150.317,1272203777.30362,323625
1578182400000,2020-01-05 00:00:00,BTC/USDT,7350.54,7495.00,7303.00,7354.36,117765.972,874488521.38096,238905
1578096000000,2020-01-04 00:00:00,BTC/USDT,7341.60,7400.00,7269.21,7350.71,92586.033,678402363.73751,186349
1578009600000,2020-01-03 00:00:00,BTC/USDT,6962.34,7407.28,6863.44,7341.72,208493.458,1507313613.42952,409820
1577923200000,2020-01-02 00:00:00,BTC/USDT,7197.57,7209.59,6922.00,6962.04,115295.677,815627831.08338,224747
1577836800000,2020-01-01 00:00:00,BTC/USDT,7189.43,7260.43,7170.15,7197.57,56801.329,409678760.56957,101871
1577750400000,2019-12-31 00:00:00,BTC/USDT,7240.80,7319,7141,7189,89203.437,643792056.63886,157014
1577664000000,2019-12-30 00:00:00,BTC/USDT,7383.68,7400,7215.58,7240.43,94375.362,689435672.16509,174925
1577577600000,2019-12-29 00:00:00,BTC/USDT,7310.29,7527,7283.60,7383.67,102543.974,756943061.50809,186571
1577491200000,2019-12-28 00:00:00,BTC/USDT,7248.40,7359.15,7235,7311.48,91292.882,667101749.38177,156362
1577404800000,2019-12-27 00:00:00,BTC/USDT,7197.84,7270,7078.89,7248.40,112284.610,808407623.10806,211189
1577318400000,2019-12-26 00:00:00,BTC/USDT,7201.67,7438.80,7151,7197.46,133973.533,973097296.81580,246938
1577232000000,2019-12-25 00:00:00,BTC/USDT,7251.57,7267.63,7123.19,7201.45,96965.072,699094669.90656,174360
1577145600000,2019-12-24 00:00:00,BTC/USDT,7314.03,7434.55,7156.08,7252.04,149081.004,1087303262.61196,279760
1577059200000,2019-12-23 00:00:00,BTC/USDT,7502.92,7691,7262,7314.01,215298.787,1615203184.89148,431464
1576972800000,2019-12-22 00:00:00,BTC/USDT,7131.02,7517.61,7122,7502.92,129797.395,948741532.63742,278563
1576886400000,2019-12-21 00:00:00,BTC/USDT,7184.39,7185,7108,7131.01,44340.865,316691491.64633,99594
1576800000000,2019-12-20 00:00:00,BTC/USDT,7146.29,7217.08,7078.17,7184.39,86449.566,618061855.49459,179313
1576713600000,2019-12-19 00:00:00,BTC/USDT,7278.11,7367.87,7042.82,7146.29,158849.566,1136320673.87998,323697
1576627200000,2019-12-18 00:00:00,BTC/USDT,6618.96,7479.99,6427,7277.44,328489.593,2241615061.57224,675369
1576540800000,2019-12-17 00:00:00,BTC/USDT,6887.48,6940,6550,6618.96,166411.289,1119916913.96774,348899
1576454400000,2019-12-16 00:00:00,BTC/USDT,7115.45,7147.34,6831,6887.54,117597.890,823110567.19727,249488
1576368000000,2019-12-15 00:00:00,BTC/USDT,7060.79,7196,7004.77,7115,87933.233,623906287.16733,180924
1576281600000,2019-12-14 00:00:00,BTC/USDT,7252.98,7266.14,7007.86,7061.34,97837.512,697707778.24799,236813
1576195200000,2019-12-13 00:00:00,BTC/USDT,7194.08,7298,7190,7252.98,80178.833,580009722.04465,187255
1576108800000,2019-12-12 00:00:00,BTC/USDT,7206.78,7295.12,7080,7194.77,140594.105,1009269923.91096,304604
1576022400000,2019-12-11 00:00:00,BTC/USDT,7220.92,7267,7117.74,7205.77,97320.727,701421427.95292,224496
1575936000000,2019-12-10 00:00:00,BTC/USDT,7338.20,7403.71,7152,7220.98,126662.794,923135831.85705,294099
1575849600000,2019-12-09 00:00:00,BTC/USDT,7507.87,7676.48,7269.05,7337.49,136440.176,1017059787.60653,349478
1575763200000,2019-12-08 00:00:00,BTC/USDT,7487.19,7559.39,7376,7508.20,84380.338,631265923.89387,218684
1575676800000,2019-12-07 00:00:00,BTC/USDT,7521.13,7616.91,7467.44,7487.20,83208.782,625725539.42670,223129
1575590400000,2019-12-06 00:00:00,BTC/USDT,7384.66,7602.44,7295.73,7522.10,136218.707,1009056959.83042,367352
1575504000000,2019-12-05 00:00:00,BTC/USDT,7189.42,7480,7142.54,7384.99,176315.108,1291358111.12701,446089
1575417600000,2019-12-04 00:00:00,BTC/USDT,7290.85,7800,7070,7191,274879.481,2010415073.79885,593445
1575331200000,2019-12-03 00:00:00,BTC/USDT,7291.74,7404.42,7231.35,7290.86,84699.470,618921233.00419,233130
1575244800000,2019-12-02 00:00:00,BTC/USDT,7388,7416.75,7137.74,7291,143966.953,1049763091.44412,370901
1575158400000,2019-12-01 00:00:00,BTC/USDT,7541.08,7541.08,7222.29,7387.38,196291.252,1442570909.29430,500459
1575072000000,2019-11-30 00:00:00,BTC/USDT,7737.23,7800,7444.18,7542.93,141966.392,1081497211.80452,362290
1574985600000,2019-11-29 00:00:00,BTC/USDT,7417,7850,7394.57,7736.66,185819.186,1415257727.65399,481870
1574899200000,2019-11-28 00:00:00,BTC/USDT,7506.78,7643,7356,7415.79,175000.609,1314201480.28623,439167
1574812800000,2019-11-27 00:00:00,BTC/USDT,7149.97,7669.20,6850,7506.77,297842.994,2162938473.36819,787562
1574726400000,2019-11-26 00:00:00,BTC/USDT,7103.34,7340.06,7011.90,7150,193962.094,1384559257.54580,525112
1574640000000,2019-11-25 00:00:00,BTC/USDT,6899.77,7386.29,6510.19,7102.03,333987.914,2320368143.08612,926856
1574553600000,2019-11-24 00:00:00,BTC/USDT,7306.19,7324.92,6855.91,6900.86,183676.078,1303419525.39099,504021
1574467200000,2019-11-23 00:00:00,BTC/USDT,7261.89,7345.84,7073.38,7305.99,139643.311,1008592734.24347,378359
1574380800000,2019-11-22 00:00:00,BTC/USDT,7621.89,7765.03,6762.73,7262.72,371213.951,2688155961.25170,999166
1574294400000,2019-11-21 00:00:00,BTC/USDT,8094.57,8131.51,7432,7621.90,180289.189,1400628627.16021,412277
1574208000000,2019-11-20 00:00:00,BTC/USDT,8131.12,8230,8037.50,8094.05,87352.380,708540147.01943,241974
1574121600000,2019-11-19 00:00:00,BTC/USDT,8183.30,8212.87,8000,8131.70,110854.030,898778770.86044,294385
1574035200000,2019-11-18 00:00:00,BTC/USDT,8504.13,8504.71,8050,8183.26,123477.142,1028202469.94838,363313
1573948800000,2019-11-17 00:00:00,BTC/USDT,8491.18,8631,8355.78,8504.04,72152.266,614653043.32686,215149
1573862400000,2019-11-16 00:00:00,BTC/USDT,8473.30,8540.54,8435,8491.06,48657.040,412710046.69823,152747
1573776000000,2019-11-15 00:00:00,BTC/USDT,8642.47,8780,8380,8473.27,145602.497,1246865100.25388,368156
1573689600000,2019-11-14 00:00:00,BTC/USDT,8774.78,8798.06,8581.39,8642.25,87099.995,754801551.10366,225625
1573603200000,2019-11-13 00:00:00,BTC/USDT,8817.94,8838,8712,8774.76,58585.811,513537401.05586,163995
1573516800000,2019-11-12 00:00:00,BTC/USDT,8729.89,8889.06,8552.12,8817,107520.546,938793146.96562,287214
1573430400000,2019-11-11 00:00:00,BTC/USDT,9041.31,9072.91,8611.11,8728.93,113373.762,996043073.24061,324917
1573344000000,2019-11-10 00:00:00,BTC/USDT,8811.30,9187,8760,9041.31,91099.197,814629855.82619,245197
1573257600000,2019-11-09 00:00:00,BTC/USDT,8775.60,8878,8727,8811.15,66846.392,588949194.26502,183364
1573171200000,2019-11-08 00:00:00,BTC/USDT,9221.63,9259.30,8669.85,8775.03,151851.160,1355101393.82227,319405
1573084800000,2019-11-07 00:00:00,BTC/USDT,9344.29,9381.93,9091.20,9219.64,77389.569,714933248.83024,178691
1572998400000,2019-11-06 00:00:00,BTC/USDT,9313.10,9450,9259.48,9343.60,73767.911,689203217.44144,190226
1572912000000,2019-11-05 00:00:00,BTC/USDT,9395.47,9457.13,9164.33,9313.20,113738.226,1060847258.19057,276198
1572825600000,2019-11-04 00:00:00,BTC/USDT,9197.86,9550,9126.01,9395.46,90433.357,841596521.34874,248571
1572739200000,2019-11-03 00:00:00,BTC/USDT,9288.96,9366.69,9073,9197.88,75612.722,695623695.12204,257133
1572652800000,2019-11-02 00:00:00,BTC/USDT,9231.70,9375,9194.98,9287.80,56602.055,524748680.13959,163182
1572566400000,2019-11-01 00:00:00,BTC/USDT,9149.88,9280,9050.27,9231.01,87256.949,798942104.65699,237247
1572480000000,2019-10-31 00:00:00,BTC/USDT,9163.40,9438.64,8933,9150,98836.044,907028492.38510,247658
1572393600000,2019-10-30 00:00:00,BTC/USDT,9415.02,9418.65,8975.72,9165.30,98464.858,904505540.99763,233836
1572307200000,2019-10-29 00:00:00,BTC/USDT,9215.78,9569.10,9070,9415.02,124703.014,1169427308.33374,242823
1572220800000,2019-10-28 00:00:00,BTC/USDT,9534.37,9930.13,9156.03,9217.36,155599.975,1475693085.47329,279048
1572134400000,2019-10-27 00:00:00,BTC/USDT,9234.75,9803.83,9066.07,9533.32,163544.019,1551811193.38667,309972
1572048000000,2019-10-26 00:00:00,BTC/USDT,8650,10408.48,8626.89,9232.22,248161.161,2322814045.64929,503375
1571961600000,2019-10-25 00:00:00,BTC/USDT,7410.07,8800,7359,8650,165118.926,1351037936.49978,322189
1571875200000,2019-10-24 00:00:00,BTC/USDT,7465.18,7495.81,7337.44,7411.35,66719.534,495690565.11975,111756
1571788800000,2019-10-23 00:00:00,BTC/USDT,8020.68,8047.78,7172.76,7465,108484.139,828695587.22741,202487
1571702400000,2019-10-22 00:00:00,BTC/USDT,8201,8290,8000,8020.89,69506.880,568694788.53218,115709
1571616000000,2019-10-21 00:00:00,BTC/USDT,8218.23,8334.57,8150,8201.74,59928.516,492366045.41501,100497
1571529600000,2019-10-20 00:00:00,BTC/USDT,7947.78,8300.50,7871.17,8218.23,78663.915,631533255.81236,120205
1571443200000,2019-10-19 00:00:00,BTC/USDT,7945.57,8108.54,7852.12,7947.13,78024.395,620945265.24094,98068
1571356800000,2019-10-18 00:00:00,BTC/USDT,8069.41,8117.30,7812,7943.94,75251.352,597673590.50877,102381
1571270400000,2019-10-17 00:00:00,BTC/USDT,7994.76,8124.63,7930,8069.20,58354.602,468701651.96454,80845
1571184000000,2019-10-16 00:00:00,BTC/USDT,8160.55,8184,7900.24,7992.21,70434.452,566811841.94844,90317
1571097600000,2019-10-15 00:00:00,BTC/USDT,8346.31,8408.62,8080,8160.01,86246.749,711597427.68430,97630
1571011200000,2019-10-14 00:00:00,BTC/USDT,8274.33,8381.77,8205.02,8346.05,61999.821,514903627.22129,93034
1570924800000,2019-10-13 00:00:00,BTC/USDT,8300.31,8456,8137.30,8274.66,43820.913,365285901.78075,80857
1570838400000,2019-10-12 00:00:00,BTC/USDT,8255.54,8397.45,8248.34,8300.22,37761.514,314379330.82757,68373
1570752000000,2019-10-11 00:00:00,BTC/USDT,8557,8788,8210,8255.58,69157.964,582172642.93171,116971
1570665600000,2019-10-10 00:00:00,BTC/USDT,8559.77,8640.89,8419.34,8556.02,44285.668,377726959.91583,83861
1570579200000,2019-10-09 00:00:00,BTC/USDT,8168.33,8700,8113,8559.77,65453.643,549731852.71201,114326
1570492800000,2019-10-08 00:00:00,BTC/USDT,8188.55,8322.01,8103.88,8167.62,44715.165,366576763.24705,82468
1570406400000,2019-10-07 00:00:00,BTC/USDT,7851.01,8330,7764.42,8186.88,62760.299,504822438.82757,115400
1570320000000,2019-10-06 00:00:00,BTC/USDT,8122.01,8148.43,7760,7852.79,41909.039,333155725.01068,94844
1570233600000,2019-10-05 00:00:00,BTC/USDT,8130,8175,8010,8122.14,30262.006,244744089.06028,69791
1570147200000,2019-10-04 00:00:00,BTC/USDT,8219.95,8227.42,7979.95,8130.56,28421.111,230978393.31482,74683
1570060800000,2019-10-03 00:00:00,BTC/USDT,8353.40,8386,8020,8220.27,33430.230,274334928.39047,82221
1569974400000,2019-10-02 00:00:00,BTC/USDT,8290,8365.92,8149.35,8352.14,30329.179,249785989.08192,71452
1569888000000,2019-10-01 00:00:00,BTC/USDT,8285.31,8499,8171,8290,39212.804,327218811.62991,92166
1569801600000,2019-09-30 00:00:00,BTC/USDT,8042.08,8331.89,7709.01,8285.84,54412.520,436701925.16117,107329
1569715200000,2019-09-29 00:00:00,BTC/USDT,8199,8226.35,7888.98,8041.96,35966.056,289320913.71819,78128
1569628800000,2019-09-28 00:00:00,BTC/USDT,8178.26,8311,8001.14,8195.38,33820.919,275406180.40421,69220
1569542400000,2019-09-27 00:00:00,BTC/USDT,8061.98,8260,7851.94,8176.52,40034.653,321440849.10520,80396
1569456000000,2019-09-26 00:00:00,BTC/USDT,8428.15,8464.40,7700.67,8060.15,60065.945,487919029.55307,110581
1569369600000,2019-09-25 00:00:00,BTC/USDT,8493.32,8725.24,8200,8430.07,48222.102,406841550.16218,85707
1569283200000,2019-09-24 00:00:00,BTC/USDT,8683.20,9792.83,8645.61,8645.61,29758.535,286175252.41143996,46730
1569196800000,2019-09-23 00:00:00,BTC/USDT,10027.69,10046.91,9620,9701.96,31927.062,314749491.62710,42190
1569110400000,2019-09-22 00:00:00,BTC/USDT,9992.70,10089.52,9857,10023.04,23916.354,238688620.33846,33401
1569024000000,2019-09-21 00:00:00,BTC/USDT,10166.56,10175.30,9912.63,9983.33,23642.387,237320660.25696,32670
1568937600000,2019-09-20 00:00:00,BTC/USDT,10247.70,10279.30,10070.50,10166.35,23265.910,236683803.67808,31054
1568851200000,2019-09-19 00:00:00,BTC/USDT,10154.70,10331.62,9530.02,10245.30,26228.754,262112110.02615,41871
1568764800000,2019-09-18 00:00:00,BTC/USDT,10183.87,10256.65,10097.92,10155.16,20832.895,212309755.01688,30799
1568678400000,2019-09-17 00:00:00,BTC/USDT,10257.30,10270.63,10136.77,10186.52,22519.607,229911548.18276,31535
1568592000000,2019-09-16 00:00:00,BTC/USDT,10302,10353.81,10080.70,10249.27,20185.637,206767492.67183,31837
1568505600000,2019-09-15 00:00:00,BTC/USDT,10333.47,10359.20,10024.81,10302.22,20536.255,211512546.03807,25912
1568419200000,2019-09-14 00:00:00,BTC/USDT,10343.01,10419.97,10222.77,10332.25,20656.624,213270510.33553,30436
1568332800000,2019-09-13 00:00:00,BTC/USDT,10414.96,10440.55,10153.51,10341.34,19252.721,198205401.80487,29249
1568246400000,2019-09-12 00:00:00,BTC/USDT,10163.06,10450.13,10042.12,10415.13,15609.634,159494237.43414,20060
1568160000000,2019-09-11 00:00:00,BTC/USDT,10094.27,10293.11,9884.31,10159.55,10897.922,109786235.83974,13811
1568073600000,2019-09-10 00:00:00,BTC/USDT,10307,10382.97,9940.87,10102.02,9068.955,92717645.17470,10089
1567987200000,2019-09-09 00:00:00,BTC/USDT,10316.62,10475.54,10077.22,10307,14824.373,152447209.57153,11296
1567900800000,2019-09-08 00:00:00,BTC/USDT,10000,10412.65,10000,10391.63,3096.291,32096280.44997,3754
